rental_id,date,client,item,hours,tariff,amount
R101,2026-12-19,Sanzhar Z.,ski,5,3000,15000
R102,2026-12-21,Dilnaz B.,goggles,2,600,1200
R103,2026-12-21,Askar E.,helmet,7,800,5600
R104,2026-12-21,Yerlan E.,goggles,7,600,4200
R105,2026-12-22,Olzhas E.,snowboard,1,3500,3500
R106,2026-12-23,Nurlan S.,snowboard,2,3500,7000
R107,2026-12-23,Ilyas O.,ski,8,3000,24000
R108,2026-12-23,Aruzhan B.,snowboard,8,3500,28000
R109,2026-12-23,Sanzhar E.,boots,8,1200,9600
R110,2026-12-24,Aruzhan A.,goggles,2,600,1200
R111,2026-12-24,Arman I.,helmet,4,800,3200
R112,2026-12-24,Ilyas B.,boots,2,1200,2400
R113,2026-12-24,Aruzhan E.,boots,7,1200,8400
R114,2026-12-25,Dana Z.,helmet,8,800,6400
R115,2026-12-25,Bekzat M.,helmet,1,800,800
R116,2026-12-25,Sanzhar O.,ski,1,3000,3000
R117,2026-12-25,Ilyas E.,goggles,1,600,600
R118,2026-12-25,Dauren S.,snowboard,4,3500,14000
R119,2026-12-26,Togzhan B.,boots,5,1200,6000
R120,2026-12-26,Arman B.,goggles,1,600,600
R121,2026-12-26,Sanzhar E.,boots,2,1200,2400
R122,2026-12-26,Dauren T.,helmet,1,800,800
R123,2026-12-26,Nursultan A.,goggles,6,600,3600
R124,2026-12-26,Aruzhan T.,ski,1,3000,3000
R125,2026-12-27,Arman S.,helmet,1,800,800
R126,2026-12-27,Sanzhar O.,goggles,7,600,4200
R127,2026-12-27,Kamila K.,ski,3,3000,9000
R128,2026-12-27,Askar M.,snowboard,7,3500,24500
R129,2026-12-27,Bekzat S.,boots,4,1200,4800
R130,2026-12-27,Asel N.,snowboard,3,3500,10500
